iso_code,target_year,fuel_category,metric,collection_year,2030_target,variable
ALB,2030,Hydro,capacity_total_gw,2024,2.51,hydro_capacity_gw
ALB,2030,Renewables,share_of_generation_pct,2024,100.0,renewables_share_elec
ALB,2030,Solar,capacity_total_gw,2024,0.49,solar_capacity_gw
ALB,2030,Wind,capacity_total_gw,2024,0.3,wind_capacity_gw
ARE,2030,Clean,share_of_generation_pct,2023,32.0,low_carbon_share_elec
ARE,2030,Renewables,capacity_total_gw,2023,9.2,renewables_capacity_gw
ARG,2030,Fossil,capacity_total_gw,2023,31.585,fossil_capacity_gw
ARG,2030,Fossil,generation_twh,2023,97.681,fossil_electricity
ARG,2030,Fossil,share_of_generation_pct,2023,43.02,fossil_share_elec
ARG,2030,Hydro,capacity_total_gw,2023,13.215,hydro_capacity_gw
ARG,2030,Hydro,generation_twh,2023,49.286,hydro_electricity
ARG,2030,Hydro,share_of_generation_pct,2023,21.7,hydro_share_elec
ARG,2030,Nuclear,capacity_total_gw,2023,3.017,nuclear_capacity_gw
ARG,2030,Nuclear,generation_twh,2023,21.785,nuclear_electricity
ARG,2030,Nuclear,share_of_generation_pct,2023,9.59,nuclear_share_elec
AUS,2030,Coal,capacity_total_gw,2023,7.1,coal_capacity_gw
AUS,2030,Coal,generation_twh,2023,40.7,coal_electricity
AUS,2030,Coal,share_of_generation_pct,2023,16.6,coal_share_elec
AUS,2030,Gas,capacity_total_gw,2023,11.2,gas_capacity_gw
AUS,2030,Gas,generation_twh,2023,5.5,gas_electricity
AUS,2030,Gas,share_of_generation_pct,2023,2.2,gas_share_elec
AUS,2030,Hydro,capacity_total_gw,2023,7.2,hydro_capacity_gw
AUS,2030,Hydro,generation_twh,2023,15.3,hydro_electricity
AUS,2030,Hydro,share_of_generation_pct,2023,6.2,hydro_share_elec
AUS,2030,Solar,capacity_total_gw,2023,50.8,solar_capacity_gw
AUS,2030,Solar,generation_twh,2023,77.0,solar_electricity
AUS,2030,Solar,share_of_generation_pct,2023,31.4,solar_share_elec
AUS,2030,Wind,capacity_total_gw,2023,34.4,wind_capacity_gw
AUS,2030,Wind,generation_twh,2023,106.5,wind_electricity
AUS,2030,Wind,share_of_generation_pct,2023,43.5,wind_share_elec
AUT,2030,Bioenergy,capacity_total_gw,2023,0.93,biofuel_capacity_gw
AUT,2030,Bioenergy,generation_twh,2023,6.0,biofuel_electricity
AUT,2030,Bioenergy,share_of_generation_pct,2023,6.12,biofuel_share_elec
AUT,2030,Fossil,generation_twh,2024,6.0,fossil_electricity
AUT,2030,Fossil,share_of_generation_pct,2024,6.2,fossil_share_elec
AUT,2030,Gas,generation_twh,2023,7.0,gas_electricity
AUT,2030,Gas,share_of_generation_pct,2023,7.14,gas_share_elec
AUT,2030,Hydro,capacity_total_gw,2023,14.97,hydro_capacity_gw
AUT,2030,Hydro,generation_twh,2023,47.0,hydro_electricity
AUT,2030,Hydro,share_of_generation_pct,2023,47.96,hydro_share_elec
AUT,2030,Solar,capacity_total_gw,2023,12.5,solar_capacity_gw
AUT,2030,Solar,generation_twh,2023,19.0,solar_electricity
AUT,2030,Solar,share_of_generation_pct,2023,19.39,solar_share_elec
AUT,2030,Wind,capacity_total_gw,2023,7.3,wind_capacity_gw
AUT,2030,Wind,generation_twh,2023,19.0,wind_electricity
AUT,2030,Wind,share_of_generation_pct,2023,19.39,wind_share_elec
BEL,2030,Bioenergy,capacity_total_gw,2023,0.9,biofuel_capacity_gw
BEL,2030,Gas,capacity_total_gw,2023,6.2,gas_capacity_gw
BEL,2030,Gas,generation_twh,2023,24.65,gas_electricity
BEL,2030,Gas,share_of_generation_pct,2023,35.09896056,gas_share_elec
BEL,2030,Hydro,capacity_total_gw,2023,0.15,hydro_capacity_gw
BEL,2030,Renewables,share_of_generation_pct,2023,51.0,renewables_share_elec
BEL,2030,Solar,capacity_total_gw,2023,11.6,solar_capacity_gw
BEL,2030,Solar,generation_twh,2023,11.17,solar_electricity
BEL,2030,Solar,share_of_generation_pct,2023,15.90488395,solar_share_elec
BEL,2030,Wind,capacity_total_gw,2023,11.1,wind_capacity_gw
BEL,2030,Wind,generation_twh,2023,31.62,wind_electricity
BEL,2030,Wind,share_of_generation_pct,2023,45.02349423,wind_share_elec
BGD,2030,Coal,capacity_total_gw,2024,10.6,coal_capacity_gw
BGD,2030,Coal,share_of_generation_pct,2024,19.0,coal_share_elec
BGD,2030,Gas,capacity_total_gw,2024,25.4,gas_capacity_gw
BGD,2030,Gas,share_of_generation_pct,2024,52.0,gas_share_elec
BGD,2030,Hydro,capacity_total_gw,2024,0.4,hydro_capacity_gw
BGD,2030,Nuclear,capacity_total_gw,2024,1.9,nuclear_capacity_gw
BGD,2030,Nuclear,share_of_generation_pct,2024,8.0,nuclear_share_elec
BGD,2030,Solar,capacity_total_gw,2024,3.0,solar_capacity_gw
BGD,2030,Solar,share_of_generation_pct,2024,5.0,solar_share_elec
BGD,2030,Wind,capacity_total_gw,2024,1.1,wind_capacity_gw
BGD,2030,Wind,share_of_generation_pct,2024,1.0,wind_share_elec
BGR,2030,Bioenergy,capacity_total_gw,2024,0.3,biofuel_capacity_gw
BGR,2030,Coal,capacity_total_gw,2023,2.2,coal_capacity_gw
BGR,2030,Fossil,generation_twh,2024,7.064,fossil_electricity
BGR,2030,Fossil,share_of_generation_pct,2024,16.93476854,fossil_share_elec
BGR,2030,Hydro,capacity_total_gw,2023,4.1,hydro_capacity_gw
BGR,2030,Nuclear,capacity_total_gw,2023,2.0,nuclear_capacity_gw
BGR,2030,Nuclear,generation_twh,2024,15.495,nuclear_electricity
BGR,2030,Nuclear,share_of_generation_pct,2024,37.14669288,nuclear_share_elec
BGR,2030,Renewables,generation_twh,2024,19.154,renewables_electricity
BGR,2030,Renewables,share_of_generation_pct,2024,45.91853859,renewables_share_elec
BGR,2030,Solar,capacity_total_gw,2023,8.2,solar_capacity_gw
BGR,2030,Wind,capacity_total_gw,2023,2.7,wind_capacity_gw
BGR,2030,Wind,capacity_total_gw,2026,2.49,wind_capacity_gw
BIH,2030,Bioenergy,capacity_total_gw,2024,0.025,biofuel_capacity_gw
BIH,2030,Bioenergy,generation_twh,2024,0.043,biofuel_electricity
BIH,2030,Hydro,capacity_total_gw,2024,2.527,hydro_capacity_gw
BIH,2030,Hydro,generation_twh,2024,6.563,hydro_electricity
BIH,2030,Renewables,share_of_consumption_pct,2024,70.1,renewables_share_energy
BIH,2030,Solar,capacity_total_gw,2024,1.492,solar_capacity_gw
BIH,2030,Solar,generation_twh,2024,1.639,solar_electricity
BIH,2030,Wind,capacity_total_gw,2024,0.6,wind_capacity_gw
BIH,2030,Wind,generation_twh,2024,1.261,wind_electricity
BRA,2030,Bioenergy,capacity_total_gw,2023,17.17,biofuel_capacity_gw
BRA,2030,Bioenergy,generation_twh,2023,64.88,biofuel_electricity
BRA,2030,Bioenergy,share_of_generation_pct,2023,7.08,biofuel_share_elec
BRA,2030,Coal,capacity_total_gw,2023,3.18,coal_capacity_gw
BRA,2030,Coal,generation_twh,2023,6.31,coal_electricity
BRA,2030,Coal,share_of_generation_pct,2023,0.69,coal_share_elec
BRA,2030,Gas,capacity_total_gw,2023,33.5,gas_capacity_gw
BRA,2030,Gas,generation_twh,2023,89.55,gas_electricity
BRA,2030,Gas,share_of_generation_pct,2023,9.77,gas_share_elec
BRA,2030,Hydro,capacity_total_gw,2023,116.81,hydro_capacity_gw
BRA,2030,Hydro,generation_twh,2023,506.89,hydro_electricity
BRA,2030,Hydro,share_of_generation_pct,2023,55.28,hydro_share_elec
BRA,2030,Nuclear,capacity_total_gw,2023,1.99,nuclear_capacity_gw
BRA,2030,Nuclear,generation_twh,2023,25.05,nuclear_electricity
BRA,2030,Nuclear,share_of_generation_pct,2023,2.73,nuclear_share_elec
BRA,2030,Solar,capacity_total_gw,2023,47.08,solar_capacity_gw
BRA,2030,Solar,generation_twh,2023,59.54,solar_electricity
BRA,2030,Solar,share_of_generation_pct,2023,6.49,solar_share_elec
BRA,2030,Wind,capacity_total_gw,2023,31.16,wind_capacity_gw
BRA,2030,Wind,generation_twh,2023,107.78,wind_electricity
BRA,2030,Wind,share_of_generation_pct,2023,11.75,wind_share_elec
BWA,2030,Solar,capacity_total_gw,2024,0.4,solar_capacity_gw
BWA,2030,Wind,capacity_total_gw,2024,0.05,wind_capacity_gw
CAN,2030,Coal,capacity_total_gw,2023,2.065,coal_capacity_gw
CAN,2030,Coal,generation_twh,2023,0.656143304,coal_electricity
CAN,2030,Coal,share_of_generation_pct,2023,0.08,coal_share_elec
CAN,2030,Gas,capacity_total_gw,2023,42.60674412,gas_capacity_gw
CAN,2030,Gas,generation_twh,2023,127.3536567,gas_electricity
CAN,2030,Gas,share_of_generation_pct,2023,16.25,gas_share_elec
CAN,2030,Nuclear,capacity_total_gw,2023,11.065,nuclear_capacity_gw
CAN,2030,Nuclear,generation_twh,2023,87.49012027,nuclear_electricity
CAN,2030,Nuclear,share_of_generation_pct,2023,11.17,nuclear_share_elec
CAN,2030,Solar,capacity_total_gw,2023,6.025363217,solar_capacity_gw
CAN,2030,Solar,generation_twh,2023,16.27846931,solar_electricity
CAN,2030,Solar,share_of_generation_pct,2023,2.08,solar_share_elec
CAN,2030,Wind,capacity_total_gw,2023,26.70771611,wind_capacity_gw
CAN,2030,Wind,generation_twh,2023,94.24494412,wind_electricity
CAN,2030,Wind,share_of_generation_pct,2023,12.03,wind_share_elec
CHE,2030,Bioenergy,generation_twh,2023,0.6,biofuel_electricity
CHE,2030,Bioenergy,share_of_generation_pct,2023,0.95,biofuel_share_elec
CHE,2030,Hydro,capacity_total_gw,2023,17.1,hydro_capacity_gw
CHE,2030,Hydro,generation_twh,2023,41.7,hydro_electricity
CHE,2030,Hydro,share_of_generation_pct,2023,66.19,hydro_share_elec
CHE,2030,Nuclear,capacity_total_gw,2023,1.2,nuclear_capacity_gw
CHE,2030,Nuclear,generation_twh,2023,8.8,nuclear_electricity
CHE,2030,Nuclear,share_of_generation_pct,2023,13.97,nuclear_share_elec
CHE,2030,Solar,capacity_total_gw,2023,9.8,solar_capacity_gw
CHE,2030,Solar,generation_twh,2023,8.7,solar_electricity
CHE,2030,Solar,share_of_generation_pct,2023,13.81,solar_share_elec
CHE,2030,Wind,capacity_total_gw,2023,0.3,wind_capacity_gw
CHE,2030,Wind,generation_twh,2023,0.6,wind_electricity
CHE,2030,Wind,share_of_generation_pct,2023,0.95,wind_share_elec
CHL,2030,Bioenergy,capacity_total_gw,2023,0.80108,biofuel_capacity_gw
CHL,2030,Bioenergy,generation_twh,2023,2.35305,biofuel_electricity
CHL,2030,Bioenergy,share_of_generation_pct,2023,2.248092196,biofuel_share_elec
CHL,2030,Coal,capacity_total_gw,2023,0.0,coal_capacity_gw
CHL,2030,Coal,generation_twh,2023,0.02717,coal_electricity
CHL,2030,Coal,share_of_generation_pct,2023,0.025958082,coal_share_elec
CHL,2030,Gas,capacity_total_gw,2023,4.25953,gas_capacity_gw
CHL,2030,Gas,generation_twh,2023,6.59345,gas_electricity
CHL,2030,Gas,share_of_generation_pct,2023,6.299349137,gas_share_elec
CHL,2030,Hydro,capacity_total_gw,2023,7.935239,hydro_capacity_gw
CHL,2030,Hydro,generation_twh,2023,21.52516,hydro_electricity
CHL,2030,Hydro,share_of_generation_pct,2023,20.56503015,hydro_share_elec
CHL,2030,Solar,capacity_total_gw,2023,14.25447763,solar_capacity_gw
CHL,2030,Solar,generation_twh,2023,43.43233,solar_electricity
CHL,2030,Solar,share_of_generation_pct,2023,41.49503075,solar_share_elec
CHL,2030,Wind,capacity_total_gw,2023,15.3314522,wind_capacity_gw
CHL,2030,Wind,generation_twh,2023,25.79142,wind_electricity
CHL,2030,Wind,share_of_generation_pct,2023,24.64099361,wind_share_elec
CHN,2030,Bioenergy,capacity_total_gw,2023,82.0,biofuel_capacity_gw
CHN,2030,Clean,share_of_generation_pct,2023,52.5,low_carbon_share_elec
CHN,2030,Coal,capacity_total_gw,2023,1050.0,coal_capacity_gw
CHN,2030,Gas,capacity_total_gw,2023,185.0,gas_capacity_gw
CHN,2030,Hydro,capacity_total_gw,2023,554.0,hydro_capacity_gw
CHN,2030,Nuclear,capacity_total_gw,2023,108.0,nuclear_capacity_gw
CHN,2030,Solar,capacity_total_gw,2023,1025.0,solar_capacity_gw
CHN,2030,Wind,capacity_total_gw,2023,800.0,wind_capacity_gw
COL,2030,Coal,capacity_total_gw,2023,2.0,coal_capacity_gw
COL,2030,Gas,capacity_total_gw,2023,3.0,gas_capacity_gw
COL,2030,Hydro,capacity_total_gw,2023,15.0,hydro_capacity_gw
COL,2030,Solar,capacity_total_gw,2023,1.0,solar_capacity_gw
COL,2030,Wind,capacity_total_gw,2023,3.0,wind_capacity_gw
CRI,2030,Bioenergy,capacity_total_gw,2023,0.082,biofuel_capacity_gw
CRI,2030,Hydro,capacity_total_gw,2023,2.33,hydro_capacity_gw
CRI,2030,Solar,capacity_total_gw,2023,0.73,solar_capacity_gw
CRI,2030,Wind,capacity_total_gw,2023,0.571,wind_capacity_gw
CYP,2030,Bioenergy,capacity_total_gw,2023,0.027,biofuel_capacity_gw
CYP,2030,Bioenergy,generation_twh,2023,0.1562,biofuel_electricity
CYP,2030,Bioenergy,share_of_generation_pct,2023,2.61,biofuel_share_elec
CYP,2030,Coal,capacity_total_gw,2023,0.0,coal_capacity_gw
CYP,2030,Coal,generation_twh,2023,0.0,coal_electricity
CYP,2030,Coal,share_of_generation_pct,2023,0.0,coal_share_elec
CYP,2030,Gas,capacity_total_gw,2023,1.223,gas_capacity_gw
CYP,2030,Gas,generation_twh,2023,4.124,gas_electricity
CYP,2030,Gas,share_of_generation_pct,2023,68.9,gas_share_elec
CYP,2030,Hydro,capacity_total_gw,2023,0.0,hydro_capacity_gw
CYP,2030,Hydro,generation_twh,2023,0.0,hydro_electricity
CYP,2030,Hydro,share_of_generation_pct,2023,0.0,hydro_share_elec
CYP,2030,Nuclear,capacity_total_gw,2023,0.0,nuclear_capacity_gw
CYP,2030,Nuclear,generation_twh,2023,0.0,nuclear_electricity
CYP,2030,Nuclear,share_of_generation_pct,2023,0.0,nuclear_share_elec
CYP,2030,Solar,capacity_total_gw,2023,0.889,solar_capacity_gw
CYP,2030,Solar,generation_twh,2023,1.441,solar_electricity
CYP,2030,Solar,share_of_generation_pct,2023,24.08,solar_share_elec
CYP,2030,Wind,capacity_total_gw,2023,0.17,wind_capacity_gw
CYP,2030,Wind,capacity_total_gw,2026,0.17,wind_capacity_gw
CYP,2030,Wind,generation_twh,2023,0.2641,wind_electricity
CYP,2030,Wind,generation_twh,2026,0.26,wind_electricity
CYP,2030,Wind,share_of_generation_pct,2023,4.41,wind_share_elec
CZE,2030,Bioenergy,capacity_total_gw,2023,1.6,biofuel_capacity_gw
CZE,2030,Bioenergy,generation_twh,2026,5.61,biofuel_electricity
CZE,2030,Coal,capacity_total_gw,2026,3.8,coal_capacity_gw
CZE,2030,Coal,generation_twh,2026,6.17,coal_electricity
CZE,2030,Gas,capacity_total_gw,2026,4.06,gas_capacity_gw
CZE,2030,Gas,generation_twh,2026,10.65,gas_electricity
CZE,2030,Hydro,capacity_total_gw,2023,1.11,hydro_capacity_gw
CZE,2030,Hydro,generation_twh,2026,2.06,hydro_electricity
CZE,2030,Nuclear,capacity_total_gw,2026,4.32,nuclear_capacity_gw
CZE,2030,Nuclear,generation_twh,2026,30.65,nuclear_electricity
CZE,2030,Solar,capacity_total_gw,2023,10.1,solar_capacity_gw
CZE,2030,Solar,generation_twh,2026,9.91,solar_electricity
CZE,2030,Wind,capacity_total_gw,2023,1.5,wind_capacity_gw
CZE,2030,Wind,generation_twh,2026,3.93,wind_electricity
DEU,2030,Bioenergy,capacity_total_gw,2023,8.2,biofuel_capacity_gw
DEU,2030,Hydro,capacity_total_gw,2023,5.2,hydro_capacity_gw
DEU,2030,Renewables,generation_twh,2023,600.0,renewables_electricity
DEU,2030,Renewables,share_of_consumption_pct,2023,80.0,renewables_share_energy
DEU,2030,Renewables,share_of_generation_pct,2023,75.0,renewables_share_elec
DEU,2030,Solar,capacity_total_gw,2023,215.0,solar_capacity_gw
DEU,2030,Wind,capacity_total_gw,2023,145.5,wind_capacity_gw
DNK,2030,Bioenergy,capacity_total_gw,2024,1.77,biofuel_capacity_gw
DNK,2030,Bioenergy,generation_twh,2023,4.303,biofuel_electricity
DNK,2030,Bioenergy,share_of_generation_pct,2023,5.96,biofuel_share_elec
DNK,2030,Coal,generation_twh,2023,0.0,coal_electricity
DNK,2030,Coal,share_of_generation_pct,2023,0.0,coal_share_elec
DNK,2030,Gas,capacity_total_gw,2024,1.0,gas_capacity_gw
DNK,2030,Gas,generation_twh,2023,0.492,gas_electricity
DNK,2030,Gas,share_of_generation_pct,2023,0.68,gas_share_elec
DNK,2030,Hydro,capacity_total_gw,2024,0.01,hydro_capacity_gw
DNK,2030,Hydro,generation_twh,2023,0.016,hydro_electricity
DNK,2030,Hydro,share_of_generation_pct,2023,0.02,hydro_share_elec
DNK,2030,Nuclear,generation_twh,2023,0.0,nuclear_electricity
DNK,2030,Nuclear,share_of_generation_pct,2023,0.0,nuclear_share_elec
DNK,2030,Solar,capacity_total_gw,2023,11.7,solar_capacity_gw
DNK,2030,Solar,generation_twh,2023,16.3,solar_electricity
DNK,2030,Solar,share_of_generation_pct,2023,22.58,solar_share_elec
DNK,2030,Wind,capacity_total_gw,2023,17.200000000000003,wind_capacity_gw
DNK,2030,Wind,generation_twh,2023,50.511,wind_electricity
DNK,2030,Wind,share_of_generation_pct,2023,69.97,wind_share_elec
DZA,2030,Bioenergy,capacity_total_gw,2024,1.4,biofuel_capacity_gw
DZA,2030,Renewables,share_of_generation_pct,2024,27.0,renewables_share_elec
DZA,2030,Solar,capacity_total_gw,2024,15.575,solar_capacity_gw
DZA,2030,Wind,capacity_total_gw,2024,5.01,wind_capacity_gw
ECU,2030,Gas,capacity_total_gw,2024,0.587,gas_capacity_gw
ECU,2030,Gas,generation_twh,2024,4.2,gas_electricity
ECU,2030,Gas,share_of_generation_pct,2024,15.0434,gas_share_elec
ECU,2030,Hydro,capacity_total_gw,2024,2.43691,hydro_capacity_gw
ECU,2030,Hydro,generation_twh,2024,16.80026,hydro_electricity
ECU,2030,Hydro,share_of_generation_pct,2024,60.1747,hydro_share_elec
ECU,2030,Solar,capacity_total_gw,2024,0.2,solar_capacity_gw
ECU,2030,Solar,generation_twh,2024,0.275,solar_electricity
ECU,2030,Solar,share_of_generation_pct,2024,0.985,solar_share_elec
ECU,2030,Wind,capacity_total_gw,2024,0.16,wind_capacity_gw
ECU,2030,Wind,generation_twh,2024,0.5169,wind_electricity
ECU,2030,Wind,share_of_generation_pct,2024,1.8514,wind_share_elec
EGY,2030,Gas,capacity_total_gw,2023,44.0,gas_capacity_gw
EGY,2030,Gas,share_of_generation_pct,2023,79.0,gas_share_elec
EGY,2030,Nuclear,capacity_total_gw,2023,2.0,nuclear_capacity_gw
EGY,2030,Nuclear,share_of_generation_pct,2023,7.0,nuclear_share_elec
EGY,2030,Renewables,share_of_generation_pct,2025,42.0,renewables_share_elec
EGY,2030,Solar,capacity_total_gw,2023,7.0,solar_capacity_gw
EGY,2030,Solar,share_of_generation_pct,2023,5.0,solar_share_elec
EGY,2030,Wind,capacity_total_gw,2023,7.0,wind_capacity_gw
EGY,2030,Wind,share_of_generation_pct,2023,8.0,wind_share_elec
ESP,2030,Bioenergy,capacity_total_gw,2023,1.85,biofuel_capacity_gw
ESP,2030,Bioenergy,generation_twh,2023,9.07,biofuel_electricity
ESP,2030,Bioenergy,share_of_generation_pct,2023,2.6338,biofuel_share_elec
ESP,2030,Coal,capacity_total_gw,2023,0.02,coal_capacity_gw
ESP,2030,Coal,generation_twh,2023,0.1101,coal_electricity
ESP,2030,Coal,share_of_generation_pct,2023,0.032,coal_share_elec
ESP,2030,Gas,capacity_total_gw,2023,30.06,gas_capacity_gw
ESP,2030,Gas,generation_twh,2023,32.29617,gas_electricity
ESP,2030,Gas,share_of_generation_pct,2023,9.3785,gas_share_elec
ESP,2030,Hydro,capacity_total_gw,2023,14.51,hydro_capacity_gw
ESP,2030,Hydro,generation_twh,2023,31.13951,hydro_electricity
ESP,2030,Hydro,share_of_generation_pct,2023,9.0426,hydro_share_elec
ESP,2030,Nuclear,capacity_total_gw,2023,3.18,nuclear_capacity_gw
ESP,2030,Nuclear,generation_twh,2023,39.11637,nuclear_electricity
ESP,2030,Nuclear,share_of_generation_pct,2023,11.359,nuclear_share_elec
ESP,2030,Solar,capacity_total_gw,2023,81.19,solar_capacity_gw
ESP,2030,Solar,generation_twh,2023,104.818,solar_electricity
ESP,2030,Solar,share_of_generation_pct,2023,30.4381,solar_share_elec
ESP,2030,Wind,capacity_total_gw,2023,62.04,wind_capacity_gw
ESP,2030,Wind,capacity_total_gw,2024,62.05,wind_capacity_gw
ESP,2030,Wind,generation_twh,2023,110.89963,wind_electricity
ESP,2030,Wind,share_of_generation_pct,2023,32.2041,wind_share_elec
EST,2030,Bioenergy,capacity_total_gw,2023,0.367,biofuel_capacity_gw
EST,2030,Bioenergy,generation_twh,2023,1.54,biofuel_electricity
EST,2030,Bioenergy,share_of_generation_pct,2023,16.376,biofuel_share_elec
EST,2030,Hydro,capacity_total_gw,2023,0.008,hydro_capacity_gw
EST,2030,Hydro,generation_twh,2023,0.025,hydro_electricity
EST,2030,Hydro,share_of_generation_pct,2023,0.266,hydro_share_elec
EST,2030,Renewables,share_of_generation_pct,2026,0.9,renewables_share_elec
EST,2030,Solar,capacity_total_gw,2023,1.2,solar_capacity_gw
EST,2030,Solar,generation_twh,2023,1.0,solar_electricity
EST,2030,Solar,share_of_generation_pct,2023,10.634,solar_share_elec
EST,2030,Wind,capacity_total_gw,2023,2.31,wind_capacity_gw
EST,2030,Wind,generation_twh,2023,6.839,wind_electricity
EST,2030,Wind,generation_twh,2026,8.66,wind_electricity
EST,2030,Wind,share_of_generation_pct,2023,72.72399999999999,wind_share_elec
ETH,2030,Hydro,capacity_total_gw,2024,16.8644,hydro_capacity_gw
ETH,2030,Solar,capacity_total_gw,2024,2.4092,solar_capacity_gw
ETH,2030,Wind,capacity_total_gw,2024,2.4092,wind_capacity_gw
EU,2030,Renewables,share_of_generation_pct,2023,72.0,renewables_share_elec
EU,2030,Solar,capacity_total_gw,2023,592.0,solar_capacity_gw
EU,2030,Wind,capacity_total_gw,2023,510.0,wind_capacity_gw
FIN,2030,Bioenergy,capacity_total_gw,2023,2.45,biofuel_capacity_gw
FIN,2030,Coal,generation_twh,2024,0.85,coal_electricity
FIN,2030,Coal,share_of_generation_pct,2024,0.78,coal_share_elec
FIN,2030,Gas,generation_twh,2024,1.25,gas_electricity
FIN,2030,Gas,share_of_generation_pct,2024,1.15,gas_share_elec
FIN,2030,Hydro,capacity_total_gw,2023,3.2,hydro_capacity_gw
FIN,2030,Hydro,generation_twh,2024,14.87,hydro_electricity
FIN,2030,Hydro,share_of_generation_pct,2024,13.65,hydro_share_elec
FIN,2030,Nuclear,generation_twh,2024,36.31,nuclear_electricity
FIN,2030,Nuclear,share_of_generation_pct,2024,33.34,nuclear_share_elec
FIN,2030,Solar,capacity_total_gw,2023,2.8,solar_capacity_gw
FIN,2030,Solar,generation_twh,2024,5.51,solar_electricity
FIN,2030,Solar,share_of_generation_pct,2024,5.06,solar_share_elec
FIN,2030,Wind,capacity_total_gw,2023,7.2,wind_capacity_gw
FIN,2030,Wind,capacity_total_gw,2024,10.0,wind_capacity_gw
FIN,2030,Wind,generation_twh,2024,34.09,wind_electricity
FIN,2030,Wind,share_of_generation_pct,2024,31.3,wind_share_elec
FRA,2030,Bioenergy,capacity_total_gw,2023,2.0,biofuel_capacity_gw
FRA,2030,Fossil,generation_twh,2024,22.51,fossil_electricity
FRA,2030,Fossil,share_of_generation_pct,2024,4.0,fossil_share_elec
FRA,2030,Gas,generation_twh,2023,27.0,gas_electricity
FRA,2030,Gas,share_of_generation_pct,2023,4.56,gas_share_elec
FRA,2030,Hydro,capacity_total_gw,2023,27.0,hydro_capacity_gw
FRA,2030,Hydro,generation_twh,2023,58.0,hydro_electricity
FRA,2030,Hydro,share_of_generation_pct,2023,9.8,hydro_share_elec
FRA,2030,Nuclear,generation_twh,2023,361.0,nuclear_electricity
FRA,2030,Nuclear,share_of_generation_pct,2023,60.98,nuclear_share_elec
FRA,2030,Solar,capacity_total_gw,2023,52.0,solar_capacity_gw
FRA,2030,Solar,generation_twh,2023,53.0,solar_electricity
FRA,2030,Solar,share_of_generation_pct,2023,8.95,solar_share_elec
FRA,2030,Wind,capacity_total_gw,2023,33.6,wind_capacity_gw
FRA,2030,Wind,generation_twh,2023,83.0,wind_electricity
FRA,2030,Wind,share_of_generation_pct,2023,14.02,wind_share_elec
GBR,2030,Coal,capacity_total_gw,2023,0.0,coal_capacity_gw
GBR,2030,Coal,generation_twh,2023,0.0,coal_electricity
GBR,2030,Coal,share_of_generation_pct,2023,0.0,coal_share_elec
GBR,2030,Gas,capacity_total_gw,2023,39.0,gas_capacity_gw
GBR,2030,Gas,generation_twh,2023,16.0,gas_electricity
GBR,2030,Gas,share_of_generation_pct,2023,4.0,gas_share_elec
GBR,2030,Nuclear,capacity_total_gw,2023,4.0,nuclear_capacity_gw
GBR,2030,Nuclear,generation_twh,2023,38.0,nuclear_electricity
GBR,2030,Nuclear,share_of_generation_pct,2023,11.0,nuclear_share_elec
GBR,2030,Renewables,generation_twh,2023,307.0,renewables_electricity
GBR,2030,Renewables,share_of_generation_pct,2023,85.0,renewables_share_elec
GBR,2030,Solar,capacity_total_gw,2025,47.0,solar_capacity_gw
GBR,2030,Solar,generation_twh,2025,45.0,solar_electricity
GBR,2030,Wind,capacity_total_gw,2023,50.0,wind_capacity_gw
GBR,2030,Wind,capacity_total_gw,2025,29.0,wind_capacity_gw
GBR,2030,Wind,generation_twh,2025,246.0,wind_electricity
GEO,2030,Coal,capacity_total_gw,2024,0.013,coal_capacity_gw
GEO,2030,Coal,generation_twh,2024,0.0,coal_electricity
GEO,2030,Coal,share_of_generation_pct,2024,0.0,coal_share_elec
GEO,2030,Gas,capacity_total_gw,2024,1.171,gas_capacity_gw
GEO,2030,Gas,generation_twh,2024,2.44367,gas_electricity
GEO,2030,Gas,share_of_generation_pct,2024,15.0388947,gas_share_elec
GEO,2030,Hydro,capacity_total_gw,2024,3.992,hydro_capacity_gw
GEO,2030,Hydro,generation_twh,2024,10.22152,hydro_electricity
GEO,2030,Hydro,share_of_generation_pct,2024,62.90553265,hydro_share_elec
GEO,2030,Solar,capacity_total_gw,2024,0.547,solar_capacity_gw
GEO,2030,Solar,generation_twh,2024,0.80709,solar_electricity
GEO,2030,Solar,share_of_generation_pct,2024,4.967013355,solar_share_elec
GEO,2030,Wind,capacity_total_gw,2024,0.75,wind_capacity_gw
GEO,2030,Wind,generation_twh,2024,2.5491,wind_electricity
GEO,2030,Wind,share_of_generation_pct,2024,15.68773463,wind_share_elec
GHA,2030,Bioenergy,capacity_total_gw,2024,0.1221,biofuel_capacity_gw
GHA,2030,Hydro,capacity_total_gw,2024,0.15003,hydro_capacity_gw
GHA,2030,Solar,capacity_total_gw,2024,0.7533,solar_capacity_gw
GHA,2030,Wind,capacity_total_gw,2024,0.327,wind_capacity_gw
GRC,2030,Gas,capacity_total_gw,2023,8.0,gas_capacity_gw
GRC,2030,Gas,generation_twh,2023,12.0,gas_electricity
GRC,2030,Gas,share_of_generation_pct,2023,18.46,gas_share_elec
GRC,2030,Hydro,capacity_total_gw,2023,4.0,hydro_capacity_gw
GRC,2030,Hydro,generation_twh,2023,7.0,hydro_electricity
GRC,2030,Hydro,share_of_generation_pct,2023,10.77,hydro_share_elec
GRC,2030,Solar,capacity_total_gw,2023,13.0,solar_capacity_gw
GRC,2030,Solar,generation_twh,2023,19.0,solar_electricity
GRC,2030,Solar,share_of_generation_pct,2023,29.23,solar_share_elec
GRC,2030,Wind,capacity_total_gw,2023,10.0,wind_capacity_gw
GRC,2030,Wind,generation_twh,2023,25.0,wind_electricity
GRC,2030,Wind,share_of_generation_pct,2023,38.46,wind_share_elec
HRV,2030,Bioenergy,capacity_total_gw,2023,0.204,biofuel_capacity_gw
HRV,2030,Bioenergy,generation_twh,2023,1.778,biofuel_electricity
HRV,2030,Bioenergy,share_of_generation_pct,2023,8.51,biofuel_share_elec
HRV,2030,Coal,capacity_total_gw,2023,0.021,coal_capacity_gw
HRV,2030,Coal,generation_twh,2023,1.1168,coal_electricity
HRV,2030,Coal,share_of_generation_pct,2023,5.35,coal_share_elec
HRV,2030,Gas,capacity_total_gw,2023,1.079,gas_capacity_gw
HRV,2030,Gas,generation_twh,2023,3.446,gas_electricity
HRV,2030,Gas,share_of_generation_pct,2023,16.5,gas_share_elec
HRV,2030,Hydro,capacity_total_gw,2023,2.393,hydro_capacity_gw
HRV,2030,Hydro,generation_twh,2023,6.695,hydro_electricity
HRV,2030,Hydro,share_of_generation_pct,2023,32.05,hydro_share_elec
HRV,2030,Nuclear,capacity_total_gw,2023,0.0,nuclear_capacity_gw
HRV,2030,Nuclear,generation_twh,2023,0.0,nuclear_electricity
HRV,2030,Nuclear,share_of_generation_pct,2023,0.0,nuclear_share_elec
HRV,2030,Solar,capacity_total_gw,2023,0.96,solar_capacity_gw
HRV,2030,Solar,generation_twh,2023,1.01,solar_electricity
HRV,2030,Solar,share_of_generation_pct,2023,4.84,solar_share_elec
HRV,2030,Wind,capacity_total_gw,2023,2.562,wind_capacity_gw
HRV,2030,Wind,generation_twh,2023,6.155,wind_electricity
HRV,2030,Wind,share_of_generation_pct,2023,29.47,wind_share_elec
HUN,2030,Bioenergy,capacity_total_gw,2023,0.1,biofuel_capacity_gw
HUN,2030,Bioenergy,generation_twh,2023,0.093,biofuel_electricity
HUN,2030,Bioenergy,share_of_generation_pct,2023,0.171169845,biofuel_share_elec
HUN,2030,Coal,capacity_total_gw,2023,0.0,coal_capacity_gw
HUN,2030,Coal,generation_twh,2023,0.235,coal_electricity
HUN,2030,Coal,share_of_generation_pct,2023,0.432525952,coal_share_elec
HUN,2030,Gas,capacity_total_gw,2023,3.2,gas_capacity_gw
HUN,2030,Gas,generation_twh,2023,3.375,gas_electricity
HUN,2030,Gas,share_of_generation_pct,2023,6.211808879,gas_share_elec
HUN,2030,Hydro,capacity_total_gw,2023,0.1,hydro_capacity_gw
HUN,2030,Hydro,generation_twh,2023,0.244,hydro_electricity
HUN,2030,Hydro,share_of_generation_pct,2023,0.449090775,hydro_share_elec
HUN,2030,Nuclear,capacity_total_gw,2023,4.4,nuclear_capacity_gw
HUN,2030,Nuclear,generation_twh,2023,34.362,nuclear_electricity
HUN,2030,Nuclear,share_of_generation_pct,2023,63.2444968,nuclear_share_elec
HUN,2030,Renewables,share_of_generation_pct,2024,0.42,renewables_share_elec
HUN,2030,Solar,capacity_total_gw,2023,12.0,solar_capacity_gw
HUN,2030,Solar,generation_twh,2023,13.201,solar_electricity
HUN,2030,Solar,share_of_generation_pct,2023,24.29691526,solar_share_elec
HUN,2030,Wind,capacity_total_gw,2023,1.1,wind_capacity_gw
HUN,2030,Wind,generation_twh,2023,2.43,wind_electricity
HUN,2030,Wind,share_of_generation_pct,2023,4.472502393,wind_share_elec
IDN,2030,Bioenergy,capacity_total_gw,2023,3.5,biofuel_capacity_gw
IDN,2030,Bioenergy,generation_twh,2023,41.4,biofuel_electricity
IDN,2030,Bioenergy,share_of_generation_pct,2023,7.8,biofuel_share_elec
IDN,2030,Coal,capacity_total_gw,2023,40.6,coal_capacity_gw
IDN,2030,Coal,generation_twh,2023,208.3,coal_electricity
IDN,2030,Coal,share_of_generation_pct,2023,39.26,coal_share_elec
IDN,2030,Gas,capacity_total_gw,2023,31.8,gas_capacity_gw
IDN,2030,Gas,generation_twh,2023,90.6,gas_electricity
IDN,2030,Gas,share_of_generation_pct,2023,17.08,gas_share_elec
IDN,2030,Hydro,capacity_total_gw,2023,14.6,hydro_capacity_gw
IDN,2030,Hydro,generation_twh,2023,65.2,hydro_electricity
IDN,2030,Hydro,share_of_generation_pct,2023,12.29,hydro_share_elec
IDN,2030,Solar,capacity_total_gw,2023,29.3,solar_capacity_gw
IDN,2030,Solar,generation_twh,2023,43.1,solar_electricity
IDN,2030,Solar,share_of_generation_pct,2023,8.12,solar_share_elec
IDN,2030,Wind,capacity_total_gw,2023,8.6,wind_capacity_gw
IDN,2030,Wind,generation_twh,2023,32.1,wind_electricity
IDN,2030,Wind,share_of_generation_pct,2023,6.05,wind_share_elec
IND,2030,Bioenergy,capacity_total_gw,2023,14.96,biofuel_capacity_gw
IND,2030,Coal,capacity_total_gw,2023,254.54,coal_capacity_gw
IND,2030,Gas,capacity_total_gw,2023,24.82,gas_capacity_gw
IND,2030,Hydro,capacity_total_gw,2023,65.5,hydro_capacity_gw
IND,2030,Nuclear,capacity_total_gw,2023,18.14,nuclear_capacity_gw
IND,2030,Renewables,share_of_generation_pct,2023,42.3,renewables_share_elec
IND,2030,Solar,capacity_total_gw,2023,318.51,solar_capacity_gw
IND,2030,Wind,capacity_total_gw,2023,109.98,wind_capacity_gw
IRL,2030,Bioenergy,capacity_total_gw,2023,0.93,biofuel_capacity_gw
IRL,2030,Bioenergy,generation_twh,2024,1.33,biofuel_electricity
IRL,2030,Bioenergy,share_of_generation_pct,2024,2.79,biofuel_share_elec
IRL,2030,Coal,capacity_total_gw,2024,0.04,coal_capacity_gw
IRL,2030,Coal,generation_twh,2024,0.28,coal_electricity
IRL,2030,Coal,share_of_generation_pct,2024,0.59,coal_share_elec
IRL,2030,Gas,capacity_total_gw,2024,5.81,gas_capacity_gw
IRL,2030,Gas,generation_twh,2024,8.89,gas_electricity
IRL,2030,Gas,share_of_generation_pct,2024,18.64,gas_share_elec
IRL,2030,Hydro,capacity_total_gw,2023,0.7,hydro_capacity_gw
IRL,2030,Hydro,generation_twh,2024,0.67,hydro_electricity
IRL,2030,Hydro,share_of_generation_pct,2024,1.3,hydro_share_elec
IRL,2030,Renewables,share_of_consumption_pct,2023,80.0,renewables_share_energy
IRL,2030,Solar,capacity_total_gw,2023,8.0,solar_capacity_gw
IRL,2030,Solar,generation_twh,2024,7.29,solar_electricity
IRL,2030,Solar,share_of_generation_pct,2024,15.29,solar_share_elec
IRL,2030,Wind,capacity_total_gw,2023,14.0,wind_capacity_gw
IRL,2030,Wind,generation_twh,2024,29.19,wind_electricity
IRL,2030,Wind,share_of_generation_pct,2024,61.21,wind_share_elec
ISR,2030,Renewables,share_of_generation_pct,2023,30.0,renewables_share_elec
ISR,2030,Solar,capacity_total_gw,2023,17.0,solar_capacity_gw
ISR,2030,Wind,capacity_total_gw,2023,0.7,wind_capacity_gw
ITA,2030,Bioenergy,capacity_total_gw,2023,3.05,biofuel_capacity_gw
ITA,2030,Bioenergy,generation_twh,2023,9.6,biofuel_electricity
ITA,2030,Bioenergy,share_of_generation_pct,2024,3.29,biofuel_share_elec
ITA,2030,Fossil,generation_twh,2024,104.0,fossil_electricity
ITA,2030,Fossil,share_of_generation_pct,2024,31.35,fossil_share_elec
ITA,2030,Hydro,capacity_total_gw,2023,19.17,hydro_capacity_gw
ITA,2030,Hydro,generation_twh,2023,46.9,hydro_electricity
ITA,2030,Hydro,share_of_generation_pct,2024,14.14,hydro_share_elec
ITA,2030,Renewables,share_of_generation_pct,2023,72.0,renewables_share_elec
ITA,2030,Solar,capacity_total_gw,2023,79.92,solar_capacity_gw
ITA,2030,Solar,generation_twh,2023,99.1,solar_electricity
ITA,2030,Solar,share_of_generation_pct,2024,29.42,solar_share_elec
ITA,2030,Wind,capacity_total_gw,2023,28.14,wind_capacity_gw
ITA,2030,Wind,generation_twh,2023,64.1,wind_electricity
ITA,2030,Wind,share_of_generation_pct,2024,19.54,wind_share_elec
JOR,2030,Gas,capacity_total_gw,2024,5.47,gas_capacity_gw
JOR,2030,Renewables,capacity_total_gw,2024,3.2,renewables_capacity_gw
JPN,2030,Bioenergy,capacity_total_gw,2023,8.0,biofuel_capacity_gw
JPN,2030,Bioenergy,generation_twh,2023,47.0,biofuel_electricity
JPN,2030,Bioenergy,share_of_generation_pct,2023,5.0,biofuel_share_elec
JPN,2030,Hydro,capacity_total_gw,2023,50.7,hydro_capacity_gw
JPN,2030,Hydro,generation_twh,2023,98.0,hydro_electricity
JPN,2030,Hydro,share_of_generation_pct,2023,11.0,hydro_share_elec
JPN,2030,Solar,capacity_total_gw,2023,117.6,solar_capacity_gw
JPN,2030,Solar,generation_twh,2023,146.0,solar_electricity
JPN,2030,Solar,share_of_generation_pct,2023,16.0,solar_share_elec
JPN,2030,Wind,capacity_total_gw,2023,23.599999999999998,wind_capacity_gw
JPN,2030,Wind,generation_twh,2023,51.0,wind_electricity
JPN,2030,Wind,share_of_generation_pct,2023,5.0,wind_share_elec
KAZ,2030,Bioenergy,generation_twh,2024,1.6,biofuel_electricity
KAZ,2030,Bioenergy,share_of_generation_pct,2024,1.21,biofuel_share_elec
KAZ,2030,Coal,generation_twh,2024,33.5,coal_electricity
KAZ,2030,Coal,share_of_generation_pct,2024,25.38,coal_share_elec
KAZ,2030,Gas,generation_twh,2024,39.8,gas_electricity
KAZ,2030,Gas,share_of_generation_pct,2024,30.15,gas_share_elec
KAZ,2030,Hydro,generation_twh,2024,23.2,hydro_electricity
KAZ,2030,Hydro,share_of_generation_pct,2024,17.58,hydro_share_elec
KAZ,2030,Solar,generation_twh,2024,12.6,solar_electricity
KAZ,2030,Solar,share_of_generation_pct,2024,9.55,solar_share_elec
KAZ,2030,Wind,generation_twh,2024,21.0,wind_electricity
KAZ,2030,Wind,share_of_generation_pct,2024,15.91,wind_share_elec
KEN,2030,Bioenergy,capacity_total_gw,2024,2.0,biofuel_capacity_gw
KEN,2030,Bioenergy,generation_twh,2024,3.67,biofuel_electricity
KEN,2030,Bioenergy,share_of_generation_pct,2024,11.11,biofuel_share_elec
KEN,2030,Hydro,capacity_total_gw,2024,0.67,hydro_capacity_gw
KEN,2030,Hydro,generation_twh,2024,8.07,hydro_electricity
KEN,2030,Hydro,share_of_generation_pct,2024,24.44,hydro_share_elec
KEN,2030,Solar,capacity_total_gw,2024,2.67,solar_capacity_gw
KEN,2030,Solar,generation_twh,2024,3.67,solar_electricity
KEN,2030,Solar,share_of_generation_pct,2024,11.11,solar_share_elec
KEN,2030,Wind,capacity_total_gw,2024,2.0,wind_capacity_gw
KEN,2030,Wind,generation_twh,2024,6.6,wind_electricity
KEN,2030,Wind,share_of_generation_pct,2024,20.0,wind_share_elec
KHM,2030,Bioenergy,capacity_total_gw,2024,0.098,biofuel_capacity_gw
KHM,2030,Coal,capacity_total_gw,2024,2.266,coal_capacity_gw
KHM,2030,Hydro,capacity_total_gw,2024,1.558,hydro_capacity_gw
KHM,2030,Solar,capacity_total_gw,2024,1.005,solar_capacity_gw
KOR,2030,Bioenergy,capacity_total_gw,2023,1.8,biofuel_capacity_gw
KOR,2030,Bioenergy,generation_twh,2023,13.329,biofuel_electricity
KOR,2030,Bioenergy,share_of_generation_pct,2023,2.33,biofuel_share_elec
KOR,2030,Hydro,capacity_total_gw,2023,1.976,hydro_capacity_gw
KOR,2030,Hydro,generation_twh,2023,4.219,hydro_electricity
KOR,2030,Hydro,share_of_generation_pct,2023,0.74,hydro_share_elec
KOR,2030,Nuclear,capacity_total_gw,2023,28.9,nuclear_capacity_gw
KOR,2030,Nuclear,generation_twh,2023,201.7,nuclear_electricity
KOR,2030,Nuclear,share_of_generation_pct,2023,32.4,nuclear_share_elec
KOR,2030,Solar,capacity_total_gw,2023,52.976,solar_capacity_gw
KOR,2030,Solar,generation_twh,2023,58.921,solar_electricity
KOR,2030,Solar,share_of_generation_pct,2023,10.29,solar_share_elec
KOR,2030,Wind,capacity_total_gw,2023,19.3,wind_capacity_gw
KOR,2030,Wind,generation_twh,2023,38.9,wind_electricity
KOR,2030,Wind,share_of_generation_pct,2023,6.79,wind_share_elec
LAO,2030,Bioenergy,capacity_total_gw,2024,0.112,biofuel_capacity_gw
LAO,2030,Hydro,capacity_total_gw,2024,17.48,hydro_capacity_gw
LAO,2030,Solar,capacity_total_gw,2024,1.591,solar_capacity_gw
LAO,2030,Wind,capacity_total_gw,2024,0.6,wind_capacity_gw
LKA,2030,Bioenergy,capacity_total_gw,2024,0.22,biofuel_capacity_gw
LKA,2030,Hydro,capacity_total_gw,2024,2.181,hydro_capacity_gw
LKA,2030,Renewables,generation_twh,2024,19.303,renewables_electricity
LKA,2030,Renewables,share_of_generation_pct,2024,70.0,renewables_share_elec
LKA,2030,Solar,capacity_total_gw,2024,4.659,solar_capacity_gw
LKA,2030,Wind,capacity_total_gw,2024,1.723,wind_capacity_gw
LTU,2030,Bioenergy,capacity_total_gw,2024,0.22,biofuel_capacity_gw
LTU,2030,Hydro,capacity_total_gw,2023,0.877,hydro_capacity_gw
LTU,2030,Hydro,generation_twh,2023,0.0297,hydro_electricity
LTU,2030,Hydro,share_of_generation_pct,2023,1.23,hydro_share_elec
LTU,2030,Renewables,share_of_generation_pct,2024,0.95,renewables_share_elec
LTU,2030,Solar,capacity_total_gw,2023,5.095,solar_capacity_gw
LTU,2030,Solar,generation_twh,2023,0.4536,solar_electricity
LTU,2030,Solar,share_of_generation_pct,2023,18.84,solar_share_elec
LTU,2030,Wind,capacity_total_gw,2023,13.288,wind_capacity_gw
LTU,2030,Wind,generation_twh,2023,1.8273,wind_electricity
LTU,2030,Wind,share_of_generation_pct,2023,75.91,wind_share_elec
LUX,2030,Bioenergy,capacity_total_gw,2023,0.125,biofuel_capacity_gw
LUX,2030,Bioenergy,generation_twh,2023,0.724,biofuel_electricity
LUX,2030,Hydro,capacity_total_gw,2023,0.037,hydro_capacity_gw
LUX,2030,Hydro,generation_twh,2023,0.1,hydro_electricity
LUX,2030,Solar,capacity_total_gw,2023,0.984,solar_capacity_gw
LUX,2030,Solar,generation_twh,2023,1.112,solar_electricity
LUX,2030,Wind,capacity_total_gw,2023,0.4,wind_capacity_gw
LUX,2030,Wind,generation_twh,2023,1.043,wind_electricity
LVA,2030,Bioenergy,capacity_total_gw,2024,0.14,biofuel_capacity_gw
LVA,2030,Bioenergy,generation_twh,2023,0.74,biofuel_electricity
LVA,2030,Bioenergy,share_of_generation_pct,2023,9.25,biofuel_share_elec
LVA,2030,Gas,capacity_total_gw,2023,1.0,gas_capacity_gw
LVA,2030,Gas,generation_twh,2023,1.91,gas_electricity
LVA,2030,Gas,share_of_generation_pct,2023,23.76,gas_share_elec
LVA,2030,Hydro,capacity_total_gw,2023,2.0,hydro_capacity_gw
LVA,2030,Hydro,generation_twh,2023,3.11,hydro_electricity
LVA,2030,Hydro,share_of_generation_pct,2023,38.66,hydro_share_elec
LVA,2030,Solar,capacity_total_gw,2024,1.6,solar_capacity_gw
LVA,2030,Solar,generation_twh,2023,0.02,solar_electricity
LVA,2030,Solar,share_of_generation_pct,2023,0.26,solar_share_elec
LVA,2030,Wind,capacity_total_gw,2023,1.0,wind_capacity_gw
LVA,2030,Wind,generation_twh,2023,2.21,wind_electricity
LVA,2030,Wind,share_of_generation_pct,2023,27.52,wind_share_elec
MAR,2030,Coal,capacity_total_gw,2023,4.08,coal_capacity_gw
MAR,2030,Gas,capacity_total_gw,2023,3.31,gas_capacity_gw
MAR,2030,Hydro,capacity_total_gw,2023,1.58,hydro_capacity_gw
MAR,2030,Solar,capacity_total_gw,2023,3.55,solar_capacity_gw
MAR,2030,Wind,capacity_total_gw,2023,3.74,wind_capacity_gw
MDA,2030,Bioenergy,capacity_total_gw,2024,0.078,biofuel_capacity_gw
MDA,2030,Hydro,capacity_total_gw,2024,0.022,hydro_capacity_gw
MDA,2030,Renewables,share_of_generation_pct,2024,34.1,renewables_share_elec
MDA,2030,Solar,capacity_total_gw,2024,0.215,solar_capacity_gw
MDA,2030,Wind,capacity_total_gw,2024,0.6,wind_capacity_gw
MEX,2030,Coal,generation_twh,2023,14.45,coal_electricity
MEX,2030,Coal,share_of_generation_pct,2023,3.38,coal_share_elec
MEX,2030,Fossil,capacity_total_gw,2023,66.0,fossil_capacity_gw
MEX,2030,Gas,generation_twh,2023,234.15,gas_electricity
MEX,2030,Gas,share_of_generation_pct,2023,54.73,gas_share_elec
MEX,2030,Hydro,capacity_total_gw,2023,15.7,hydro_capacity_gw
MEX,2030,Hydro,generation_twh,2023,38.54,hydro_electricity
MEX,2030,Hydro,share_of_generation_pct,2023,9.01,hydro_share_elec
MEX,2030,Nuclear,capacity_total_gw,2023,1.6,nuclear_capacity_gw
MEX,2030,Nuclear,generation_twh,2023,10.6,nuclear_electricity
MEX,2030,Nuclear,share_of_generation_pct,2023,2.48,nuclear_share_elec
MEX,2030,Solar,capacity_total_gw,2023,22.8,solar_capacity_gw
MEX,2030,Solar,generation_twh,2023,67.45,solar_electricity
MEX,2030,Solar,share_of_generation_pct,2023,15.76,solar_share_elec
MEX,2030,Wind,capacity_total_gw,2023,12.7,wind_capacity_gw
MEX,2030,Wind,generation_twh,2023,37.58,wind_electricity
MEX,2030,Wind,share_of_generation_pct,2023,8.78,wind_share_elec
MKD,2030,Bioenergy,capacity_total_gw,2024,0.02519,biofuel_capacity_gw
MKD,2030,Hydro,capacity_total_gw,2024,1.36026,hydro_capacity_gw
MKD,2030,Renewables,share_of_generation_pct,2024,66.0,renewables_share_elec
MKD,2030,Solar,capacity_total_gw,2024,0.83127,solar_capacity_gw
MKD,2030,Wind,capacity_total_gw,2024,0.30228,wind_capacity_gw
MLT,2030,Gas,capacity_total_gw,2023,0.3,gas_capacity_gw
MLT,2030,Solar,capacity_total_gw,2023,0.27,solar_capacity_gw
MMR,2030,Coal,capacity_total_gw,2024,3.06,coal_capacity_gw
MMR,2030,Gas,capacity_total_gw,2024,1.67,gas_capacity_gw
MMR,2030,Hydro,capacity_total_gw,2024,7.45,hydro_capacity_gw
MMR,2030,Solar,capacity_total_gw,2024,0.3,solar_capacity_gw
MNE,2030,Bioenergy,capacity_total_gw,2024,0.039,biofuel_capacity_gw
MNE,2030,Bioenergy,generation_twh,2024,0.188,biofuel_electricity
MNE,2030,Bioenergy,share_of_generation_pct,2024,3.699330972,biofuel_share_elec
MNE,2030,Coal,generation_twh,2024,1.36,coal_electricity
MNE,2030,Coal,share_of_generation_pct,2024,26.76111767,coal_share_elec
MNE,2030,Hydro,capacity_total_gw,2024,1.232,hydro_capacity_gw
MNE,2030,Hydro,generation_twh,2024,3.046,hydro_electricity
MNE,2030,Hydro,share_of_generation_pct,2024,59.93703266,hydro_share_elec
MNE,2030,Solar,capacity_total_gw,2024,0.315,solar_capacity_gw
MNE,2030,Solar,generation_twh,2024,0.052,solar_electricity
MNE,2030,Solar,share_of_generation_pct,2024,1.023219205,solar_share_elec
MNE,2030,Wind,capacity_total_gw,2024,0.19,wind_capacity_gw
MNE,2030,Wind,generation_twh,2024,0.436,wind_electricity
MNE,2030,Wind,share_of_generation_pct,2024,8.579299488,wind_share_elec
MYS,2030,Bioenergy,capacity_total_gw,2023,0.49,biofuel_capacity_gw
MYS,2030,Bioenergy,generation_twh,2024,2.58,biofuel_electricity
MYS,2030,Bioenergy,share_of_generation_pct,2024,1.1,biofuel_share_elec
MYS,2030,Coal,capacity_total_gw,2023,11.27,coal_capacity_gw
MYS,2030,Coal,generation_twh,2023,83.33414458,coal_electricity
MYS,2030,Coal,share_of_generation_pct,2023,39.29,coal_share_elec
MYS,2030,Gas,capacity_total_gw,2023,21.07,gas_capacity_gw
MYS,2030,Gas,generation_twh,2023,67.34072289,gas_electricity
MYS,2030,Gas,share_of_generation_pct,2023,31.75,gas_share_elec
MYS,2030,Hydro,capacity_total_gw,2023,7.84,hydro_capacity_gw
MYS,2030,Hydro,generation_twh,2023,42.08795181,hydro_electricity
MYS,2030,Hydro,share_of_generation_pct,2023,19.84,hydro_share_elec
MYS,2030,Solar,capacity_total_gw,2023,6.86,solar_capacity_gw
MYS,2030,Solar,generation_twh,2024,12.02,solar_electricity
MYS,2030,Solar,share_of_generation_pct,2024,5.1,solar_share_elec
NGA,2030,Bioenergy,capacity_total_gw,2024,1.1,biofuel_capacity_gw
NGA,2030,Hydro,capacity_total_gw,2024,5.9,hydro_capacity_gw
NGA,2030,Renewables,share_of_generation_pct,2024,31.0,renewables_share_elec
NGA,2030,Solar,capacity_total_gw,2024,6.0,solar_capacity_gw
NGA,2030,Wind,capacity_total_gw,2024,0.8,wind_capacity_gw
NLD,2030,Coal,capacity_total_gw,2023,0.0,coal_capacity_gw
NLD,2030,Coal,generation_twh,2023,0.0,coal_electricity
NLD,2030,Coal,share_of_generation_pct,2023,0.0,coal_share_elec
NLD,2030,Gas,capacity_total_gw,2023,16.56,gas_capacity_gw
NLD,2030,Gas,generation_twh,2023,28.644,gas_electricity
NLD,2030,Gas,share_of_generation_pct,2023,18.46,gas_share_elec
NLD,2030,Hydro,capacity_total_gw,2023,0.04,hydro_capacity_gw
NLD,2030,Hydro,generation_twh,2023,0.114,hydro_electricity
NLD,2030,Hydro,share_of_generation_pct,2023,0.07,hydro_share_elec
NLD,2030,Nuclear,capacity_total_gw,2023,0.5,nuclear_capacity_gw
NLD,2030,Nuclear,generation_twh,2023,3.434,nuclear_electricity
NLD,2030,Nuclear,share_of_generation_pct,2023,2.21,nuclear_share_elec
NLD,2030,Solar,capacity_total_gw,2023,25.75,solar_capacity_gw
NLD,2030,Solar,generation_twh,2023,23.437,solar_electricity
NLD,2030,Solar,share_of_generation_pct,2023,15.1,solar_share_elec
NLD,2030,Wind,capacity_total_gw,2023,23.2,wind_capacity_gw
NLD,2030,Wind,generation_twh,2023,91.671,wind_electricity
NLD,2030,Wind,share_of_generation_pct,2023,59.07,wind_share_elec
NOR,2030,Bioenergy,capacity_total_gw,2023,0.19,biofuel_capacity_gw
NOR,2030,Bioenergy,generation_twh,2023,1.002,biofuel_electricity
NOR,2030,Bioenergy,share_of_generation_pct,2023,0.56,biofuel_share_elec
NOR,2030,Coal,capacity_total_gw,2023,0.01,coal_capacity_gw
NOR,2030,Coal,generation_twh,2023,0.052,coal_electricity
NOR,2030,Coal,share_of_generation_pct,2023,0.03,coal_share_elec
NOR,2030,Gas,capacity_total_gw,2023,0.83,gas_capacity_gw
NOR,2030,Gas,generation_twh,2023,2.302,gas_electricity
NOR,2030,Gas,share_of_generation_pct,2023,1.28,gas_share_elec
NOR,2030,Hydro,capacity_total_gw,2023,34.69,hydro_capacity_gw
NOR,2030,Hydro,generation_twh,2023,148.789,hydro_electricity
NOR,2030,Hydro,share_of_generation_pct,2023,82.98,hydro_share_elec
NOR,2030,Solar,capacity_total_gw,2023,5.39,solar_capacity_gw
NOR,2030,Solar,generation_twh,2023,5.989,solar_electricity
NOR,2030,Solar,share_of_generation_pct,2023,3.34,solar_share_elec
NOR,2030,Wind,capacity_total_gw,2023,9.17,wind_capacity_gw
NOR,2030,Wind,generation_twh,2023,21.173,wind_electricity
NOR,2030,Wind,share_of_generation_pct,2023,11.81,wind_share_elec
NZL,2030,Gas,capacity_total_gw,2024,1.2,gas_capacity_gw
NZL,2030,Gas,generation_twh,2024,2.9,gas_electricity
NZL,2030,Hydro,capacity_total_gw,2024,5.3,hydro_capacity_gw
NZL,2030,Hydro,generation_twh,2024,24.7,hydro_electricity
NZL,2030,Renewables,share_of_generation_pct,2024,93.0,renewables_share_elec
NZL,2030,Solar,capacity_total_gw,2024,1.1,solar_capacity_gw
NZL,2030,Solar,generation_twh,2024,1.7,solar_electricity
NZL,2030,Wind,capacity_total_gw,2024,2.1,wind_capacity_gw
NZL,2030,Wind,generation_twh,2024,6.7,wind_electricity
PAK,2030,Bioenergy,capacity_total_gw,2024,0.394,biofuel_capacity_gw
PAK,2030,Bioenergy,generation_twh,2024,1.161749274,biofuel_electricity
PAK,2030,Bioenergy,share_of_generation_pct,2024,0.5472,biofuel_share_elec
PAK,2030,Coal,capacity_total_gw,2024,9.27,coal_capacity_gw
PAK,2030,Coal,generation_twh,2024,48.03269082,coal_electricity
PAK,2030,Coal,share_of_generation_pct,2024,22.6237,coal_share_elec
PAK,2030,Gas,capacity_total_gw,2024,10.93293576,gas_capacity_gw
PAK,2030,Gas,generation_twh,2024,16.12181576,gas_electricity
PAK,2030,Gas,share_of_generation_pct,2024,7.5935,gas_share_elec
PAK,2030,Hydro,capacity_total_gw,2024,20.90924331,hydro_capacity_gw
PAK,2030,Hydro,generation_twh,2024,80.26602992,hydro_electricity
PAK,2030,Hydro,share_of_generation_pct,2024,37.8058,hydro_share_elec
PAK,2030,Nuclear,capacity_total_gw,2024,3.62,nuclear_capacity_gw
PAK,2030,Nuclear,generation_twh,2024,24.58,nuclear_electricity
PAK,2030,Nuclear,share_of_generation_pct,2024,11.5773,nuclear_share_elec
PAK,2030,Solar,capacity_total_gw,2024,12.99107538,solar_capacity_gw
PAK,2030,Solar,generation_twh,2024,23.01475229,solar_electricity
PAK,2030,Solar,share_of_generation_pct,2024,10.8401,solar_share_elec
PAK,2030,Wind,capacity_total_gw,2024,5.624867994,wind_capacity_gw
PAK,2030,Wind,generation_twh,2024,19.13435365,wind_electricity
PAK,2030,Wind,share_of_generation_pct,2024,9.0124,wind_share_elec
PHL,2030,Bioenergy,capacity_total_gw,2023,0.63,biofuel_capacity_gw
PHL,2030,Bioenergy,generation_twh,2023,1.14,biofuel_electricity
PHL,2030,Bioenergy,share_of_generation_pct,2023,0.59,biofuel_share_elec
PHL,2030,Coal,capacity_total_gw,2023,12.13,coal_capacity_gw
PHL,2030,Coal,generation_twh,2023,87.75,coal_electricity
PHL,2030,Coal,share_of_generation_pct,2023,45.16,coal_share_elec
PHL,2030,Gas,capacity_total_gw,2023,5.14,gas_capacity_gw
PHL,2030,Gas,generation_twh,2023,37.51,gas_electricity
PHL,2030,Gas,share_of_generation_pct,2023,19.3,gas_share_elec
PHL,2030,Hydro,capacity_total_gw,2023,4.945,hydro_capacity_gw
PHL,2030,Hydro,generation_twh,2023,15.87,hydro_electricity
PHL,2030,Hydro,share_of_generation_pct,2023,8.17,hydro_share_elec
PHL,2030,Solar,capacity_total_gw,2023,20.004,solar_capacity_gw
PHL,2030,Solar,generation_twh,2023,32.06,solar_electricity
PHL,2030,Solar,share_of_generation_pct,2023,16.5,solar_share_elec
PHL,2030,Wind,capacity_total_gw,2023,1.08,wind_capacity_gw
PHL,2030,Wind,generation_twh,2023,3.31,wind_electricity
PHL,2030,Wind,share_of_generation_pct,2023,1.7,wind_share_elec
POL,2030,Bioenergy,capacity_total_gw,2023,2.47,biofuel_capacity_gw
POL,2030,Bioenergy,generation_twh,2023,10.12,biofuel_electricity
POL,2030,Bioenergy,share_of_generation_pct,2023,5.12,biofuel_share_elec
POL,2030,Coal,capacity_total_gw,2023,19.49,coal_capacity_gw
POL,2030,Coal,generation_twh,2023,69.36,coal_electricity
POL,2030,Coal,share_of_generation_pct,2023,35.12,coal_share_elec
POL,2030,Gas,capacity_total_gw,2023,13.01,gas_capacity_gw
POL,2030,Gas,generation_twh,2023,29.45,gas_electricity
POL,2030,Gas,share_of_generation_pct,2023,14.92,gas_share_elec
POL,2030,Hydro,capacity_total_gw,2023,1.13,hydro_capacity_gw
POL,2030,Hydro,generation_twh,2023,2.0,hydro_electricity
POL,2030,Hydro,share_of_generation_pct,2023,1.01,hydro_share_elec
POL,2030,Nuclear,capacity_total_gw,2023,0.3,nuclear_capacity_gw
POL,2030,Nuclear,generation_twh,2023,1.05,nuclear_electricity
POL,2030,Nuclear,share_of_generation_pct,2023,0.53,nuclear_share_elec
POL,2030,Solar,capacity_total_gw,2023,27.0,solar_capacity_gw
POL,2030,Solar,generation_twh,2023,25.12,solar_electricity
POL,2030,Solar,share_of_generation_pct,2023,12.72,solar_share_elec
POL,2030,Wind,capacity_total_gw,2023,19.84,wind_capacity_gw
POL,2030,Wind,generation_twh,2023,55.94,wind_electricity
POL,2030,Wind,share_of_generation_pct,2023,28.32,wind_share_elec
PRT,2030,Bioenergy,capacity_total_gw,2023,1.4,biofuel_capacity_gw
PRT,2030,Bioenergy,generation_twh,2023,6.24,biofuel_electricity
PRT,2030,Bioenergy,share_of_generation_pct,2023,6.58,biofuel_share_elec
PRT,2030,Coal,capacity_total_gw,2023,0.0,coal_capacity_gw
PRT,2030,Coal,generation_twh,2023,0.0,coal_electricity
PRT,2030,Coal,share_of_generation_pct,2023,0.0,coal_share_elec
PRT,2030,Gas,capacity_total_gw,2023,3.8,gas_capacity_gw
PRT,2030,Gas,generation_twh,2023,7.01,gas_electricity
PRT,2030,Gas,share_of_generation_pct,2023,7.39,gas_share_elec
PRT,2030,Hydro,capacity_total_gw,2023,4.2,hydro_capacity_gw
PRT,2030,Hydro,generation_twh,2023,9.75,hydro_electricity
PRT,2030,Hydro,share_of_generation_pct,2023,10.28,hydro_share_elec
PRT,2030,Nuclear,generation_twh,2023,0.0,nuclear_electricity
PRT,2030,Nuclear,share_of_generation_pct,2023,0.0,nuclear_share_elec
PRT,2030,Solar,capacity_total_gw,2023,20.4,solar_capacity_gw
PRT,2030,Solar,generation_twh,2023,36.69,solar_electricity
PRT,2030,Solar,share_of_generation_pct,2023,38.68,solar_share_elec
PRT,2030,Wind,capacity_total_gw,2023,12.4,wind_capacity_gw
PRT,2030,Wind,generation_twh,2023,34.28,wind_electricity
PRT,2030,Wind,share_of_generation_pct,2023,36.14,wind_share_elec
ROU,2030,Bioenergy,capacity_total_gw,2023,0.4,biofuel_capacity_gw
ROU,2030,Bioenergy,generation_twh,2023,1.9,biofuel_electricity
ROU,2030,Bioenergy,share_of_generation_pct,2023,2.33,biofuel_share_elec
ROU,2030,Coal,capacity_total_gw,2024,0.0,coal_capacity_gw
ROU,2030,Coal,generation_twh,2024,0.0,coal_electricity
ROU,2030,Coal,share_of_generation_pct,2024,0.0,coal_share_elec
ROU,2030,Gas,capacity_total_gw,2023,5.3,gas_capacity_gw
ROU,2030,Gas,generation_twh,2023,19.3,gas_electricity
ROU,2030,Gas,share_of_generation_pct,2023,23.71,gas_share_elec
ROU,2030,Hydro,capacity_total_gw,2023,6.9,hydro_capacity_gw
ROU,2030,Hydro,generation_twh,2023,16.3,hydro_electricity
ROU,2030,Hydro,share_of_generation_pct,2023,20.02,hydro_share_elec
ROU,2030,Nuclear,capacity_total_gw,2023,1.9,nuclear_capacity_gw
ROU,2030,Nuclear,generation_twh,2023,15.6,nuclear_electricity
ROU,2030,Nuclear,share_of_generation_pct,2023,19.16,nuclear_share_elec
ROU,2030,Solar,capacity_total_gw,2023,8.3,solar_capacity_gw
ROU,2030,Solar,generation_twh,2023,10.9,solar_electricity
ROU,2030,Solar,share_of_generation_pct,2023,13.39,solar_share_elec
ROU,2030,Wind,capacity_total_gw,2023,7.6,wind_capacity_gw
ROU,2030,Wind,generation_twh,2023,17.4,wind_electricity
ROU,2030,Wind,share_of_generation_pct,2023,21.38,wind_share_elec
RUS,2030,Hydro,capacity_total_gw,2023,54.0,hydro_capacity_gw
RUS,2030,Solar,capacity_total_gw,2023,2.0,solar_capacity_gw
RUS,2030,Wind,capacity_total_gw,2023,3.0,wind_capacity_gw
RWA,2030,Bioenergy,capacity_total_gw,2024,0.01,biofuel_capacity_gw
RWA,2030,Bioenergy,generation_twh,2024,0.09445,biofuel_electricity
RWA,2030,Coal,capacity_total_gw,2024,0.03,coal_capacity_gw
RWA,2030,Gas,capacity_total_gw,2024,0.08,gas_capacity_gw
RWA,2030,Gas,generation_twh,2024,0.60908,gas_electricity
RWA,2030,Hydro,capacity_total_gw,2024,0.27,hydro_capacity_gw
RWA,2030,Hydro,generation_twh,2024,1.83004,hydro_electricity
RWA,2030,Renewables,share_of_generation_pct,2024,60.0,renewables_share_elec
RWA,2030,Solar,capacity_total_gw,2024,0.01,solar_capacity_gw
RWA,2030,Solar,generation_twh,2024,0.01929,solar_electricity
SAU,2030,Renewables,share_of_generation_pct,2023,50.0,renewables_share_elec
SAU,2030,Solar,capacity_total_gw,2023,42.7,solar_capacity_gw
SAU,2030,Wind,capacity_total_gw,2023,16.0,wind_capacity_gw
SGP,2030,Solar,capacity_total_gw,2024,2.0,solar_capacity_gw
SRB,2030,Bioenergy,capacity_total_gw,2024,0.186,biofuel_capacity_gw
SRB,2030,Coal,capacity_total_gw,2024,4.65,coal_capacity_gw
SRB,2030,Gas,capacity_total_gw,2024,0.279,gas_capacity_gw
SRB,2030,Hydro,capacity_total_gw,2024,3.162,hydro_capacity_gw
SRB,2030,Renewables,share_of_generation_pct,2024,29.0,renewables_share_elec
SRB,2030,Solar,capacity_total_gw,2024,0.372,solar_capacity_gw
SRB,2030,Wind,capacity_total_gw,2024,0.744,wind_capacity_gw
SVK,2030,Bioenergy,capacity_total_gw,2023,0.4,biofuel_capacity_gw
SVK,2030,Bioenergy,generation_twh,2023,2.54,biofuel_electricity
SVK,2030,Hydro,capacity_total_gw,2023,1.755,hydro_capacity_gw
SVK,2030,Hydro,generation_twh,2023,4.822,hydro_electricity
SVK,2030,Solar,capacity_total_gw,2023,1.4,solar_capacity_gw
SVK,2030,Solar,generation_twh,2023,1.47,solar_electricity
SVK,2030,Wind,capacity_total_gw,2023,0.75,wind_capacity_gw
SVK,2030,Wind,generation_twh,2023,1.5,wind_electricity
SVN,2030,Bioenergy,capacity_total_gw,2023,0.03,biofuel_capacity_gw
SVN,2030,Bioenergy,generation_twh,2023,0.169,biofuel_electricity
SVN,2030,Bioenergy,share_of_generation_pct,2023,0.872,biofuel_share_elec
SVN,2030,Coal,generation_twh,2026,3.42,coal_electricity
SVN,2030,Fossil,generation_twh,2023,4.5,fossil_electricity
SVN,2030,Fossil,share_of_generation_pct,2023,23.208,fossil_share_elec
SVN,2030,Gas,generation_twh,2026,1.02,gas_electricity
SVN,2030,Hydro,capacity_total_gw,2023,1.77,hydro_capacity_gw
SVN,2030,Hydro,generation_twh,2023,4.707,hydro_electricity
SVN,2030,Hydro,share_of_generation_pct,2023,24.275,hydro_share_elec
SVN,2030,Nuclear,generation_twh,2023,5.9,nuclear_electricity
SVN,2030,Nuclear,share_of_generation_pct,2023,30.428,nuclear_share_elec
SVN,2030,Renewables,generation_twh,2026,4.2,renewables_electricity
SVN,2030,Renewables,share_of_generation_pct,2026,0.486,renewables_share_elec
SVN,2030,Solar,capacity_total_gw,2023,3.45,solar_capacity_gw
SVN,2030,Solar,generation_twh,2023,3.757,solar_electricity
SVN,2030,Solar,share_of_generation_pct,2023,19.376,solar_share_elec
SVN,2030,Wind,capacity_total_gw,2023,0.153,wind_capacity_gw
SVN,2030,Wind,generation_twh,2023,0.357,wind_electricity
SVN,2030,Wind,share_of_generation_pct,2023,1.841,wind_share_elec
SWE,2030,Bioenergy,generation_twh,2024,15.57,biofuel_electricity
SWE,2030,Gas,capacity_total_gw,2023,6.446886447,gas_capacity_gw
SWE,2030,Hydro,capacity_total_gw,2023,16.996337,hydro_capacity_gw
SWE,2030,Hydro,generation_twh,2024,66.34,hydro_electricity
SWE,2030,Nuclear,capacity_total_gw,2023,7.032967033,nuclear_capacity_gw
SWE,2030,Nuclear,generation_twh,2024,52.0,nuclear_electricity
SWE,2030,Solar,capacity_total_gw,2023,6.446886447,solar_capacity_gw
SWE,2030,Solar,generation_twh,2024,8.8,solar_electricity
SWE,2030,Wind,capacity_total_gw,2023,24.90842491,wind_capacity_gw
SWE,2030,Wind,generation_twh,2024,74.47,wind_electricity
TGO,2030,Renewables,share_of_generation_pct,2023,50.0,renewables_share_elec
THA,2030,Bioenergy,capacity_total_gw,2023,4.6665,biofuel_capacity_gw
THA,2030,Hydro,capacity_total_gw,2023,3.1618,hydro_capacity_gw
THA,2030,Solar,capacity_total_gw,2023,10.077,solar_capacity_gw
THA,2030,Wind,capacity_total_gw,2023,4.01,wind_capacity_gw
TUR,2030,Coal,capacity_total_gw,2023,22.8,coal_capacity_gw
TUR,2030,Fossil,generation_twh,2023,201.2,fossil_electricity
TUR,2030,Gas,capacity_total_gw,2023,30.3,gas_capacity_gw
TUR,2030,Hydro,capacity_total_gw,2023,35.1,hydro_capacity_gw
TUR,2030,Hydro,generation_twh,2023,87.9,hydro_electricity
TUR,2030,Hydro,share_of_generation_pct,2023,19.4,hydro_share_elec
TUR,2030,Nuclear,capacity_total_gw,2023,4.8,nuclear_capacity_gw
TUR,2030,Nuclear,generation_twh,2023,37.2,nuclear_electricity
TUR,2030,Nuclear,share_of_generation_pct,2023,8.2,nuclear_share_elec
TUR,2030,Solar,capacity_total_gw,2023,32.9,solar_capacity_gw
TUR,2030,Solar,generation_twh,2023,52.2,solar_electricity
TUR,2030,Solar,share_of_generation_pct,2023,11.5,solar_share_elec
TUR,2030,Wind,capacity_total_gw,2023,18.1,wind_capacity_gw
TUR,2030,Wind,generation_twh,2023,53.7,wind_electricity
TUR,2030,Wind,share_of_generation_pct,2023,11.9,wind_share_elec
TZA,2030,Bioenergy,share_of_generation_pct,2025,0.1,biofuel_share_elec
TZA,2030,Coal,capacity_total_gw,2024,0.3,coal_capacity_gw
TZA,2030,Coal,generation_twh,2024,2.103,coal_electricity
TZA,2030,Coal,share_of_generation_pct,2024,6.127083223,coal_share_elec
TZA,2030,Gas,capacity_total_gw,2024,1.6395,gas_capacity_gw
TZA,2030,Gas,generation_twh,2024,11.02,gas_electricity
TZA,2030,Gas,share_of_generation_pct,2024,32.1019246,gas_share_elec
TZA,2030,Hydro,capacity_total_gw,2024,3.62473,hydro_capacity_gw
TZA,2030,Hydro,generation_twh,2024,16.74117,hydro_electricity
TZA,2030,Hydro,share_of_generation_pct,2024,48.77534086,hydro_share_elec
TZA,2030,Renewables,capacity_total_gw,2025,7.49,renewables_capacity_gw
TZA,2030,Solar,capacity_total_gw,2024,0.355,solar_capacity_gw
TZA,2030,Solar,generation_twh,2024,0.7026,solar_electricity
TZA,2030,Solar,share_of_generation_pct,2024,2.047022669,solar_share_elec
TZA,2030,Wind,capacity_total_gw,2024,0.1,wind_capacity_gw
TZA,2030,Wind,generation_twh,2024,0.644,wind_electricity
TZA,2030,Wind,share_of_generation_pct,2024,1.876291772,wind_share_elec
UKR,2030,Bioenergy,capacity_total_gw,2024,1.448,biofuel_capacity_gw
UKR,2030,Bioenergy,generation_twh,2024,6.53,biofuel_electricity
UKR,2030,Hydro,capacity_total_gw,2024,4.935,hydro_capacity_gw
UKR,2030,Hydro,generation_twh,2024,7.1,hydro_electricity
UKR,2030,Renewables,share_of_generation_pct,2024,25.0,renewables_share_elec
UKR,2030,Solar,capacity_total_gw,2024,11.788,solar_capacity_gw
UKR,2030,Solar,generation_twh,2024,14.7,solar_electricity
UKR,2030,Wind,capacity_total_gw,2024,5.42,wind_capacity_gw
UKR,2030,Wind,generation_twh,2024,15.8,wind_electricity
USA,2030,Bioenergy,capacity_total_gw,2023,13.0,biofuel_capacity_gw
USA,2030,Bioenergy,generation_twh,2023,18.0,biofuel_electricity
USA,2030,Bioenergy,share_of_generation_pct,2023,0.41,biofuel_share_elec
USA,2030,Coal,capacity_total_gw,2023,129.0,coal_capacity_gw
USA,2030,Coal,generation_twh,2023,310.0,coal_electricity
USA,2030,Coal,share_of_generation_pct,2023,7.02,coal_share_elec
USA,2030,Gas,capacity_total_gw,2023,400.0,gas_capacity_gw
USA,2030,Gas,generation_twh,2023,708.0,gas_electricity
USA,2030,Gas,share_of_generation_pct,2023,16.04,gas_share_elec
USA,2030,Hydro,capacity_total_gw,2023,75.0,hydro_capacity_gw
USA,2030,Hydro,generation_twh,2023,293.0,hydro_electricity
USA,2030,Hydro,share_of_generation_pct,2023,6.64,hydro_share_elec
USA,2030,Nuclear,capacity_total_gw,2023,95.0,nuclear_capacity_gw
USA,2030,Nuclear,generation_twh,2023,756.0,nuclear_electricity
USA,2030,Nuclear,share_of_generation_pct,2023,17.13,nuclear_share_elec
USA,2030,Renewables,share_of_generation_pct,2025,30.0,renewables_share_elec
USA,2030,Solar,capacity_total_gw,2023,468.0,solar_capacity_gw
USA,2030,Solar,generation_twh,2023,984.0,solar_electricity
USA,2030,Solar,share_of_generation_pct,2023,22.29,solar_share_elec
USA,2030,Wind,capacity_total_gw,2023,369.0,wind_capacity_gw
USA,2030,Wind,generation_twh,2023,1294.0,wind_electricity
USA,2030,Wind,generation_twh,2025,576.3,wind_electricity
USA,2030,Wind,share_of_generation_pct,2023,29.32,wind_share_elec
UZB,2030,Coal,capacity_total_gw,2024,1.7,coal_capacity_gw
UZB,2030,Coal,generation_twh,2024,10.1,coal_electricity
UZB,2030,Coal,share_of_generation_pct,2024,8.4,coal_share_elec
UZB,2030,Gas,capacity_total_gw,2024,13.4,gas_capacity_gw
UZB,2030,Gas,generation_twh,2024,60.6,gas_electricity
UZB,2030,Gas,share_of_generation_pct,2024,50.1,gas_share_elec
UZB,2030,Hydro,capacity_total_gw,2024,3.8,hydro_capacity_gw
UZB,2030,Hydro,generation_twh,2024,13.1,hydro_electricity
UZB,2030,Hydro,share_of_generation_pct,2024,10.8,hydro_share_elec
UZB,2030,Nuclear,capacity_total_gw,2024,2.4,nuclear_capacity_gw
UZB,2030,Nuclear,generation_twh,2024,18.0,nuclear_electricity
UZB,2030,Nuclear,share_of_generation_pct,2024,14.9,nuclear_share_elec
UZB,2030,Solar,capacity_total_gw,2024,5.0,solar_capacity_gw
UZB,2030,Solar,generation_twh,2024,10.5,solar_electricity
UZB,2030,Solar,share_of_generation_pct,2024,8.7,solar_share_elec
UZB,2030,Wind,capacity_total_gw,2024,3.0,wind_capacity_gw
UZB,2030,Wind,generation_twh,2024,8.6,wind_electricity
UZB,2030,Wind,share_of_generation_pct,2024,7.1,wind_share_elec
VNM,2030,Bioenergy,capacity_total_gw,2023,2.27,biofuel_capacity_gw
VNM,2030,Coal,capacity_total_gw,2023,30.127,coal_capacity_gw
VNM,2030,Gas,capacity_total_gw,2023,37.33,gas_capacity_gw
VNM,2030,Hydro,capacity_total_gw,2023,29.346,hydro_capacity_gw
VNM,2030,Renewables,share_of_generation_pct,2023,47.0,renewables_share_elec
VNM,2030,Solar,capacity_total_gw,2023,22.58,solar_capacity_gw
VNM,2030,Wind,capacity_total_gw,2023,27.88,wind_capacity_gw
XKX,2030,Bioenergy,capacity_total_gw,2024,0.02547,biofuel_capacity_gw
XKX,2030,Coal,capacity_total_gw,2024,0.94239,coal_capacity_gw
XKX,2030,Coal,share_of_generation_pct,2024,57.0,coal_share_elec
XKX,2030,Hydro,capacity_total_gw,2024,0.10188,hydro_capacity_gw
XKX,2030,Hydro,share_of_generation_pct,2024,5.0,hydro_share_elec
XKX,2030,Solar,capacity_total_gw,2024,0.63675,solar_capacity_gw
XKX,2030,Solar,share_of_generation_pct,2024,13.0,solar_share_elec
XKX,2030,Wind,capacity_total_gw,2024,0.68769,wind_capacity_gw
XKX,2030,Wind,share_of_generation_pct,2024,25.0,wind_share_elec
ZAF,2030,Coal,capacity_total_gw,2023,333.64,coal_capacity_gw
ZAF,2030,Coal,share_of_generation_pct,2023,58.8,coal_share_elec
ZAF,2030,Hydro,capacity_total_gw,2023,4.6,hydro_capacity_gw
ZAF,2030,Hydro,share_of_generation_pct,2023,8.4,hydro_share_elec
ZAF,2030,Nuclear,capacity_total_gw,2023,1.86,nuclear_capacity_gw
ZAF,2030,Nuclear,share_of_generation_pct,2023,4.5,nuclear_share_elec
ZAF,2030,Solar,capacity_total_gw,2023,8.288,solar_capacity_gw
ZAF,2030,Solar,share_of_generation_pct,2023,6.3,solar_share_elec
ZAF,2030,Wind,capacity_total_gw,2023,17.742,wind_capacity_gw
ZAF,2030,Wind,share_of_generation_pct,2023,17.8,wind_share_elec
